date,season,game_a,side_a,thr_a,main_a,odds_a,p_a,pc_a,game_b,side_b,thr_b,main_b,odds_b,p_b,pc_b,combined_odds,joint_model,joint_cons,ev_model,ev_cons,win_a,win_b,push_a,push_b,profit,card_win
2023-05-30,2023,W280651,1,160.5,True,1.8695652173913042,0.5237438333055178,0.46364780745934137,W280653,1,166.5,True,1.9090909090909092,0.5212473556237435,0.4625491935650717,3.569169960474308,0.27300008813474386,0.214459919438532,,,False,True,False,False,-1.0,0
2023-06-03,2023,W280661,1,166.5,True,1.9090909090909092,0.5127016902884871,0.491625502922221,W280660,1,162.5,True,1.9090909090909092,0.5030043161060292,0.4861766602829459,3.6446280991735542,0.2578911630899657,0.23901684512064908,,,True,False,False,False,-1.0,0
2023-06-04,2023,W280663,1,158.4,True,1.9090909090909092,0.549344769147438,0.5395621122933293,W280662,1,164.5,True,1.9090909090909092,0.5285665649990472,0.4954153814199741,3.6446280991735542,0.2903652776284559,0.26730736966156665,,,True,False,False,False,-1.0,0
2023-06-06,2023,W280667,1,165.0,True,1.9090909090909092,0.5530032156267497,0.540415043767257,W280665,1,166.5,True,1.9090909090909092,0.5163590126112851,0.4966723992674708,3.6446280991735542,0.2855481943918941,0.2684092363881188,,,False,True,False,False,-1.0,0
2023-06-09,2023,W280674,1,162.0,True,1.9090909090909092,0.528657012874114,0.4969144214509533,W280673,1,162.5,True,1.9090909090909092,0.5349578461863777,0.5132471915610376,3.6446280991735542,0.2828092169784602,0.2550399312558796,,,False,False,False,False,-1.0,0
2023-06-11,2023,W280679,1,164.5,True,1.9090909090909092,0.5071994890305094,0.5020069756455559,W280680,1,156.0,True,1.9090909090909092,0.5028717180200658,0.4939563869226528,3.6446280991735542,0.25505627842767176,0.24796955189984693,,,True,False,False,False,-1.0,0
2023-06-13,2023,W280684,1,161.5,True,1.9090909090909092,0.5064644762897976,0.5004673021555667,W280682,1,157.5,True,1.9090909090909092,0.552161389718296,0.5429755290738781,3.6446280991735542,0.27965012907112363,0.27174149817209525,,,False,False,False,False,-1.0,0
2023-06-15,2023,W280688,-1,168.5,True,1.8695652173913042,0.5202074243596668,0.5133785095861092,W280687,1,159.5,True,1.9090909090909092,0.5180551637534758,0.5021101522131872,3.569169960474308,0.2694961424124211,0.2577725615912605,,,True,True,False,False,2.569169960474308,1
2023-06-16,2023,W280690,1,163.5,True,1.9090909090909092,0.5135505169196719,0.48936982881478264,W280689,1,158.5,True,1.9090909090909092,0.4991057434286179,0.4680543843484826,3.6446280991735542,0.25631601253534386,0.2290516939446254,,,False,False,False,False,-1.0,0
2023-06-18,2023,W280694,1,161.5,True,1.8695652173913042,0.5190661256509216,0.506502343220781,W280696,1,167.5,True,1.9090909090909092,0.5114652880797045,0.5028227640663478,3.569169960474308,0.2654843054884647,0.25468090822435513,,,True,False,False,False,-1.0,0
2023-06-20,2023,W280697,1,167.5,True,1.9090909090909092,0.5342134252406981,0.5254734598180011,W280699,1,159.5,True,1.9090909090909092,0.5097028264887769,0.49917822893706365,3.6446280991735542,0.27229009279343475,0.26230491102538106,,,False,True,False,False,-1.0,0
2023-06-22,2023,W280702,-1,159.5,True,1.8849557522123894,0.5173755534666785,0.5040752715743785,W280701,1,155.0,True,1.9090909090909092,0.5061485112520405,0.49947578123868575,3.598551890587289,0.2618688661453598,0.2517733900727154,,,True,False,False,False,-1.0,0
2023-06-23,2023,W280704,-1,167.5,True,1.8849557522123894,0.5668394357076809,0.5448582786082563,W280705,1,164.5,True,1.9090909090909092,0.527682677370782,0.5003672462856783,3.598551890587289,0.29911135107357234,0.2726292364831681,,,False,False,False,False,-1.0,0
2023-06-24,2023,W280707,1,158.0,True,1.9090909090909092,0.5104542327370902,0.49739810129789414,W280706,1,166.5,True,1.9090909090909092,0.5247763201997595,0.5045765133086745,3.6446280991735542,0.2678742938861618,0.2509753996792463,,,True,True,False,False,2.6446280991735542,1
2023-06-25,2023,W280709,1,160.5,True,1.9090909090909092,0.5338457530844349,0.5261808010061851,W280708,1,158.0,True,1.8849557522123894,0.5090091321311826,0.5006535411307239,3.598551890587289,0.2717323634694258,0.26343428129874735,,,True,True,False,False,2.598551890587289,1
2023-06-28,2023,W280716,-1,163.5,True,1.8849557522123894,0.5128222086501482,0.49130674753397763,W280715,1,155.0,True,1.9090909090909092,0.5153323539663006,0.4845787390658233,3.598551890587289,0.2642738759498782,0.2380768042145457,,,False,False,False,False,-1.0,0
2023-06-29,2023,W280717,-1,174.5,True,1.8849557522123894,0.5769888436333881,0.5592882036553777,W280718,1,161.5,True,1.9090909090909092,0.5058599074117183,0.49845674827513176,3.598551890587289,0.2918755230179801,0.27878097934269924,,,False,False,False,False,-1.0,0
2023-06-30,2023,W280720,1,164.5,True,1.9523809523809523,0.505910633046935,0.49864225452001454,W280721,1,154.5,True,1.9523809523809523,0.5159696433449203,0.4828536649244741,3.8117913832199544,0.2610345288976299,0.24077124008119144,,,True,True,False,False,2.8117913832199544,1
2023-07-01,2023,W280722,1,167.5,True,1.9090909090909092,0.5354891955689608,0.5279167800597537,W280723,1,162.5,True,1.9090909090909092,0.5144890594327414,0.48685337169549503,3.6446280991735542,0.2755033325646699,0.2570180643467202,,,True,False,False,False,-1.0,0
2023-07-02,2023,W280727,1,167.5,True,1.9090909090909092,0.5108247266877504,0.4964801264040707,W280726,1,163.5,True,1.9090909090909092,0.538742281950726,0.5211066597475215,3.6446280991735542,0.2752028789326146,0.2587191003014525,,,False,False,False,False,-1.0,0
2023-07-05,2023,W280729,1,162.5,True,1.8333333333333335,0.5623633917846047,0.5511541751707826,W280730,1,173.5,True,1.847457627118644,0.5590560523482736,0.5397856178088379,3.3870056497175143,0.31439265779628667,0.29750509695248134,0.06484970818572822,0.0076514441978110526,True,False,False,False,-1.0,0
2023-07-09,2023,W280741,1,170.0,True,1.9090909090909092,0.5339205895057152,0.5227778601222237,W280738,1,158.5,True,1.9090909090909092,0.5116286969950105,0.4981974717964305,3.6446280991735542,0.2731690955076169,0.2604466082240398,,,True,True,False,False,2.6446280991735542,1
2023-07-11,2023,W280743,1,157.5,True,1.8333333333333335,0.5299094172550646,0.5170929942981383,W280744,1,169.0,True,1.9090909090909092,0.5102520391889985,0.4978895643764354,3.5000000000000004,0.2703873607398506,0.2574552056732066,,,True,True,False,False,2.5000000000000004,1
2023-07-12,2023,W280748,1,172.5,True,1.9433962264150944,0.5078335224177256,0.5022253708803283,W280747,1,168.5,True,1.9090909090909092,0.508552240286175,0.5014622090253547,3.710120068610635,0.2582598755179538,0.25184704391022744,,,False,True,False,False,-1.0,0
2023-07-18,2023,W280750,1,170.5,True,1.9090909090909092,0.5336354116872156,0.5226868402645567,W280751,1,161.0,True,1.9090909090909092,0.5318020690277083,0.5118677359267358,3.6446280991735542,0.2837884160417142,0.2675465295249181,,,False,False,False,False,-1.0,0
2023-07-19,2023,W280752,1,157.5,True,1.9090909090909092,0.5184850809848995,0.503665653981615,W280753,1,168.5,True,1.9090909090909092,0.5737433345387467,0.5506856549862896,3.6446280991735542,0.2974773592728684,0.2773614505569636,,,True,True,False,False,2.6446280991735542,1
2023-07-20,2023,W280756,1,156.5,True,1.8695652173913042,0.5384034197104299,0.5251587935029561,W280755,1,161.5,True,1.9090909090909092,0.5175899869420778,0.5034008210094356,3.569169960474308,0.27867221897749145,0.26436536780971276,,,False,False,False,False,-1.0,0
2023-07-22,2023,W280759,1,167.5,True,1.9090909090909092,0.509346380714576,0.4999641087043692,W280762,1,170.5,True,1.9433962264150944,0.5359543339906799,0.5152205606266894,3.710120068610635,0.2729864002464439,0.25759178837988816,,,False,True,False,False,-1.0,0
2023-07-23,2023,W280763,1,169.5,True,1.9090909090909092,0.5366910926737662,0.5205225940120943,W280764,1,156.5,True,1.8849557522123894,0.513395832766258,0.48978256778277246,3.598551890587289,0.2755349704614812,0.2549428926841931,,,True,False,False,False,-1.0,0
2023-07-25,2023,W280766,-1,168.5,True,1.8849557522123894,0.555471736862224,0.5412064571339081,W280769,1,165.5,True,1.9090909090909092,0.5102056181982272,0.4980012840508909,3.598551890587289,0.283404800897434,0.26952151058931967,,,True,False,False,False,-1.0,0
2023-07-27,2023,W280771,1,162.5,True,1.8849557522123894,0.5416751468947699,0.5185518800026971,W280772,1,173.5,True,1.9090909090909092,0.5041360712547112,0.49128415621900656,3.598551890587289,0.2730779804518479,0.2547563228229046,,,False,True,False,False,-1.0,0
2023-07-28,2023,W280774,-1,164.5,True,1.8849557522123894,0.5155897405469125,0.5073505680956051,W280773,1,161.0,True,1.9090909090909092,0.5155121838645639,0.50767702266421,3.598551890587289,0.26579279312750276,0.25757022585777234,,,True,False,False,False,-1.0,0
2023-08-01,2023,W280781,-1,162.5,True,1.8849557522123894,0.5394342429932573,0.5153695036411937,W280782,1,160.5,True,1.925925925925926,0.5091062050519458,0.5004616421693323,3.6302851524090465,0.2746293203253664,0.2579226681162655,,,True,False,False,False,-1.0,0
2023-08-04,2023,W280789,1,164.5,True,1.9090909090909092,0.5072753212415311,0.502088661944612,W280788,1,157.5,True,1.9090909090909092,0.5334631966594107,0.524605840682481,3.6446280991735542,0.2706127144559366,0.2633986445965952,,,True,False,False,False,-1.0,0
2023-08-06,2023,W280792,1,167.5,True,1.8849557522123894,0.5322040369524702,0.5181757933971954,W280794,1,156.5,True,1.9090909090909092,0.5091710818306479,0.5003302630314381,3.598551890587289,0.27098290524972735,0.2592590310069429,,,False,True,False,False,-1.0,0
2023-08-08,2023,W280799,1,175.0,True,1.9090909090909092,0.5093364283859063,0.49998529985422635,W280798,1,164.5,True,1.9090909090909092,0.5230438203606705,0.5120479873415053,3.6446280991735542,0.2664052713518235,0.2560164664906956,,,True,True,False,False,2.6446280991735542,1
2023-08-12,2023,W280806,1,162.5,True,1.8849557522123894,0.5268150208071176,0.5094155283001564,W280807,1,167.5,True,1.9090909090909092,0.5133052306978454,0.4900240042154876,3.598551890587289,0.2704169057904877,0.24962583698719065,,,False,True,False,False,-1.0,0
2023-08-13,2023,W280811,1,174.5,True,1.9090909090909092,0.5334880166096632,0.5245625564440247,W280808,1,157.5,True,1.9090909090909092,0.5104948706008072,0.4972984438459657,3.6446280991735542,0.2723428960062313,0.260864143019475,,,False,True,False,False,-1.0,0
2023-08-20,2023,W280819,-1,166.5,True,1.8695652173913042,0.5360139950783002,0.5276744996868432,W280821,1,161.5,True,1.9090909090909092,0.5100280429920502,0.4984243284645296,3.569169960474308,0.27338216892613587,0.2630058081542715,,,False,False,False,False,-1.0,0
2023-08-22,2023,W280823,-1,167.0,True,1.8928571428571428,0.5122195902700282,0.49289432175278014,W280825,1,157.5,True,1.9090909090909092,0.5311431099681241,0.5156795274651473,3.6136363636363638,0.27206190616262105,0.25417551093172797,,,False,True,False,False,-1.0,0
2023-08-24,2023,W280831,1,168.5,True,1.8849557522123894,0.5283511920926286,0.5044556544384322,W280830,1,168.0,True,1.9090909090909092,0.5075988881695215,0.5022634520570736,3.598551890587289,0.2681904776692595,0.2533696384079572,,,True,True,False,False,2.598551890587289,1
2023-08-26,2023,W280834,1,166.5,True,1.900900900900901,0.5327210407433174,0.5246717196467203,W280833,-1,167.5,True,1.8849557522123894,0.5259446874450274,0.5006233832819907,3.5831140875388665,0.2801818012691338,0.26266293140192126,,,True,True,False,False,2.5831140875388665,1
2023-08-27,2023,W280835,1,156.5,True,1.9090909090909092,0.5905037160488821,0.5781300469083958,W280837,1,160.5,True,1.9090909090909092,0.5066387173501539,0.5009420486813384,3.6446280991735542,0.2991720452895051,0.28960965010253004,,,False,True,False,False,-1.0,0
2023-08-29,2023,W280842,1,159.5,True,1.9090909090909092,0.5060498938072931,0.49913801742314967,W280840,1,160.5,True,1.9090909090909092,0.5041187493972408,0.49120728207559505,3.6446280991735542,0.2551092395987391,0.24518022891902636,,,False,True,False,False,-1.0,0
2023-08-31,2023,W280844,1,159.5,True,1.8849557522123894,0.5324199219222673,0.5197919271786742,W280845,1,166.5,True,1.9090909090909092,0.5075084153693694,0.5022423542497192,3.598551890587289,0.2702075908858533,0.2610615212262159,,,False,False,False,False,-1.0,0
2023-09-01,2023,W280848,1,166.5,True,1.9090909090909092,0.5035192155604635,0.48851864738140943,W280847,1,163.5,True,1.9090909090909092,0.5029918256764749,0.48611956242051096,3.6446280991735542,0.25326604949794407,0.23747847109931064,,,True,False,False,False,-1.0,0
2023-09-03,2023,W280853,1,158.5,True,1.9090909090909092,0.5282798658128873,0.5210676525509642,W280852,1,160.5,True,1.9090909090909092,0.53723027293525,0.5264999011276378,3.6446280991735542,0.2838079364968547,0.27434206754889295,,,False,False,False,False,-1.0,0
2023-09-10,2023,W280869,1,159.5,True,1.8695652173913042,0.5617490836349259,0.5505833799201039,W280866,-1,162.5,True,1.8849557522123894,0.5353872153195912,0.5248540666047598,3.5240477106579453,0.30075327759563514,0.2889759259560599,0.05986889938377171,0.018364950300712835,True,False,False,False,-1.0,0
2023-09-13,2023,W294710,1,169.5,True,1.8695652173913042,0.5298475266271,0.5214615553669845,W294709,1,160.5,True,1.9090909090909092,0.5524827447130004,0.5395548653507943,3.569169960474308,0.2927316157903348,0.2813571192916491,,,False,False,False,False,-1.0,0
2023-09-15,2023,W294711,1,164.5,True,1.9090909090909092,0.544721938014291,0.5277963903125579,W294712,1,169.5,True,1.9090909090909092,0.49898525965435764,0.4674898433027628,3.6446280991735542,0.27180821767948593,0.2467394518029815,,,True,True,False,False,2.6446280991735542,1
2023-09-17,2023,W294713,-1,159.5,True,1.8695652173913042,0.5277540458849667,0.5208328293173164,W294714,1,170.5,True,1.9090909090909092,0.51056310941353,0.4971304895746452,3.569169960474308,0.26945174667259936,0.2589218794250651,,,True,False,False,False,-1.0,0
2023-09-19,2023,W294716,1,170.5,True,1.9090909090909092,0.4992516105238062,0.46873772541531544,W294715,1,163.5,True,1.9090909090909092,0.5016960127454425,0.48014574980058383,3.6446280991735542,0.25047254235653416,0.22506242662935683,,,True,True,False,False,2.6446280991735542,1
2023-09-24,2023,W295338,1,162.0,True,1.9090909090909092,0.507591550336883,0.5022625153624771,W295333,1,174.5,True,1.9090909090909092,0.5066946992162621,0.5010817697066547,3.6446280991735542,0.2571939479226631,0.2516745900551459,,,False,True,False,False,-1.0,0
2023-09-26,2023,W295339,1,161.5,True,1.9090909090909092,0.5056515154840476,0.4976707398743871,W295334,1,175.5,True,1.9090909090909092,0.5055618825365893,0.4973222299256618,3.6446280991735542,0.25563813207559444,0.24750272212308413,,,False,False,False,False,-1.0,0
2024-05-25,2024,W302723,1,159.5,True,1.8695652173913042,0.5558938936258004,0.5065693054213457,W302720,1,165.5,True,1.9090909090909092,0.5080064721121436,0.4628474031198846,3.569169960474308,0.2823976957695261,0.23446428751451354,,,True,False,False,False,-1.0,0
2024-05-26,2024,W302725,1,164.5,True,1.9523809523809523,0.5079326120736518,0.4632830355832013,W302726,1,160.5,True,1.9090909090909092,0.5078587613786468,0.4637186214567057,3.7272727272727275,0.25795802723154554,0.21483297060492004,,,True,True,False,False,2.7272727272727275,1
2024-05-28,2024,W302728,1,165.5,True,1.9090909090909092,0.5242510060033975,0.5056913599238363,W302729,1,161.5,True,1.9090909090909092,0.5812945842609204,0.49485812878276897,3.6446280991735542,0.3047442705831142,0.2502454801135234,,,True,False,False,False,-1.0,0
2024-05-29,2024,W302732,1,171.5,True,1.9090909090909092,0.5133425393266232,0.5085964647029719,W302731,-1,163.5,True,1.8695652173913042,0.5230120209107119,0.49188830812357903,3.569169960474308,0.2684843189126538,0.25017265454037846,,,False,True,False,False,-1.0,0
2024-05-30,2024,W302734,1,164.5,True,1.9523809523809523,0.5052003321320007,0.4793758421601495,W302733,1,167.5,True,1.9523809523809523,0.5025819571538069,0.4942704027005011,3.8117913832199544,0.2539045716776542,0.23694129054938895,,,False,True,False,False,-1.0,0
2024-05-31,2024,W302738,1,164.5,True,1.9090909090909092,0.5072593443605594,0.49677637925865165,W302735,1,168.5,True,1.9090909090909092,0.5329024430392307,0.5085382234465337,3.6446280991735542,0.27031974386422053,0.25262977735839615,,,True,False,False,False,-1.0,0
2024-06-02,2024,W302743,1,163.5,True,1.8695652173913042,0.5247775425133766,0.49777797528537604,W302740,1,159.5,True,1.9090909090909092,0.506075111954117,0.4742339729290193,3.569169960474308,0.2655768535784635,0.23606322685614706,,,False,False,False,False,-1.0,0
2024-06-04,2024,W302744,1,155.5,True,1.8928571428571428,0.5238352775804135,0.506304261145518,W302746,1,165.0,True,1.9090909090909092,0.503436160595424,0.4896031664524482,3.6136363636363638,0.2637176209295215,0.24788816944521286,,,False,False,False,False,-1.0,0
2024-06-05,2024,W302748,1,159.5,True,1.925925925925926,0.5160411809191645,0.49535142004000776,W302747,1,166.5,True,1.9090909090909092,0.551061664893037,0.5096675415521763,3.6767676767676774,0.2843705123106837,0.2524645404561702,,,False,True,False,False,-1.0,0
2024-06-06,2024,W302750,1,164.5,True,1.9523809523809523,0.5042608830014925,0.4848624808277558,W302749,1,156.5,True,1.925925925925926,0.5081628806594164,0.461924930826081,3.760141093474427,0.2562466629098994,0.22397006791652313,,,False,False,False,False,-1.0,0
2024-06-07,2024,W302751,1,163.5,True,1.9090909090909092,0.5136840549786442,0.5066681259428489,W302752,1,166.5,True,1.9090909090909092,0.5436283499396877,0.5291759971112211,3.6446280991735542,0.27925321519836815,0.2681166107502808,,,True,False,False,False,-1.0,0
2024-06-08,2024,W302755,1,158.5,True,1.9090909090909092,0.527565787267905,0.5083358174432481,W302756,1,157.5,True,1.9090909090909092,0.5385761243961639,0.4779310963934086,3.6446280991735542,0.28413433707075936,0.24294949456669115,,,False,True,False,False,-1.0,0
2024-06-09,2024,W302759,1,161.5,True,1.9090909090909092,0.5216247773674245,0.501098091920748,W302760,1,164.5,True,1.9090909090909092,0.5076106113664556,0.46518229115813375,3.6446280991735542,0.26478227214336963,0.23310195849466264,,,False,True,False,False,-1.0,0
2024-06-11,2024,W302764,-1,164.5,True,1.8928571428571428,0.5182895675061596,0.49405702735025947,W302762,1,155.5,True,1.925925925925926,0.5041983219446067,0.48522552409807346,3.6455026455026456,0.2613207302180016,0.23972908003036586,,,False,False,False,False,-1.0,0
2024-06-13,2024,W302766,-1,162.0,True,1.8928571428571428,0.5268376578162032,0.5046796241203539,W302768,1,166.0,True,1.9090909090909092,0.4928884600637448,0.4883979099141508,3.6136363636363638,0.25967220186461853,0.2464844735966401,,,False,True,False,False,-1.0,0
2024-06-14,2024,W302770,1,157.5,True,1.9090909090909092,0.5047824288512066,0.48182308522659834,W302769,1,162.5,True,1.9090909090909092,0.5044038166469839,0.48403162630221974,3.6446280991735542,0.2546141836888832,0.23321761153218343,,,True,False,False,False,-1.0,0
2024-06-15,2024,W302772,-1,172.5,True,1.8695652173913042,0.5639522607460139,0.5474016822760815,W302771,1,158.5,True,1.9523809523809523,0.5090143338441518,0.4569048429013512,3.6501035196687366,0.2870597843235357,0.2501104796442884,,,True,False,False,False,-1.0,0
2024-06-16,2024,W302773,1,164.5,True,1.9090909090909092,0.5015742151356437,0.4976270839213476,W302774,1,164.5,True,1.9090909090909092,0.5088163295735288,0.45807193247687894,3.6446280991735542,0.25520915115404175,0.2279489999846857,,,True,True,False,False,2.6446280991735542,1
2024-06-18,2024,W302778,1,165.5,True,1.9090909090909092,0.539061540963622,0.530270326018054,W302777,1,156.0,True,1.925925925925926,0.5009699916256414,0.46181050828254,3.6767676767676774,0.27005365566225104,0.2448844087855457,,,True,False,False,False,-1.0,0
2024-06-19,2024,W302779,1,165.5,True,1.9090909090909092,0.523191059999477,0.5174983651944192,W302780,1,161.5,True,1.9090909090909092,0.5213249535348401,0.49916691618131004,3.6446280991735542,0.2727525550440711,0.2583180630829676,,,True,False,False,False,-1.0,0
2024-06-20,2024,W302782,1,162.0,True,1.8928571428571428,0.5109621133110296,0.4454414839306841,W302783,1,162.5,True,1.9090909090909092,0.5041347352196559,0.48559409487688737,3.6136363636363638,0.2575937497013317,0.2163037542099381,,,False,True,False,False,-1.0,0
2024-06-21,2024,W302784,1,162.0,True,1.8849557522123894,0.5277821867930712,0.512626074150696,W302785,1,162.5,True,1.9090909090909092,0.4984138754435306,0.47640677391223,3.598551890587289,0.263053965109596,0.24421853420942471,,,True,False,False,False,-1.0,0
2024-06-22,2024,W302787,1,166.5,True,1.9090909090909092,0.5029465294995515,0.4923334819931241,W302788,1,160.5,True,1.9090909090909092,0.5040398651753869,0.4861431290189324,3.6446280991735542,0.2535051009193827,0.23934453945692358,,,True,False,False,False,-1.0,0
2024-06-23,2024,W302792,1,157.5,True,1.9090909090909092,0.5294980558929725,0.5234311988962838,W302791,1,168.5,True,1.9090909090909092,0.519889581728962,0.49235740961395696,3.6446280991735542,0.27528052280449605,0.25771522919970213,,,False,True,False,False,-1.0,0
2024-06-27,2024,W302794,1,154.5,True,1.8849557522123894,0.5359563414648976,0.527832663708731,W302796,1,166.5,True,1.9090909090909092,0.5023600569294834,0.4953696654577498,3.598551890587289,0.2692430582100236,0.2614722900390671,,,True,False,False,False,-1.0,0
2024-06-28,2024,W302798,-1,165.5,True,1.8928571428571428,0.5224294870671028,0.5105289272106422,W302797,1,152.0,True,1.9090909090909092,0.53031936417164,0.5061864579027068,3.6136363636363638,0.277054473405942,0.2584228293216238,,,False,False,False,True,-1.0,0
2024-06-29,2024,W302799,-1,171.5,True,1.8849557522123894,0.5235301899021825,0.5076510586558112,W302800,1,164.5,True,1.9090909090909092,0.5063175247021938,0.4728063124165635,3.598551890587289,0.2650725098581425,0.24002062503741867,,,True,True,False,False,2.598551890587289,1
2024-06-30,2024,W302803,1,169.5,True,1.9090909090909092,0.5169707852467949,0.5118870035556186,W302802,1,162.5,True,1.9090909090909092,0.5112351262170699,0.4879771462538811,3.6446280991735542,0.2642936246461829,0.24978915919952105,,,True,False,False,False,-1.0,0
2024-07-01,2024,W302804,1,168.5,True,1.9090909090909092,0.5164697778187164,0.5037171012168636,W302805,1,159.5,True,1.9090909090909092,0.5101189992471941,0.48547626653780396,3.6446280991735542,0.26346104620230426,0.24454269769000805,,,False,False,False,False,-1.0,0
2024-07-04,2024,W302811,1,154.5,True,1.9090909090909092,0.524906550893679,0.5153517490940553,W302812,1,168.5,True,1.9090909090909092,0.5098592007955033,0.5018776654891139,3.6446280991735542,0.26762843453097535,0.2586435327410561,,,False,True,False,False,-1.0,0
2024-07-05,2024,W302813,1,166.0,True,1.9090909090909092,0.5031010600594249,0.4914831081261645,W302814,1,169.5,True,1.9090909090909092,0.5108080195098691,0.5013142286985703,3.6446280991735542,0.25698805610227055,0.2463874752686442,,,True,True,False,False,2.6446280991735542,1
2024-07-06,2024,W302817,1,156.5,True,1.9090909090909092,0.5085976882188026,0.49352873603368674,W302816,1,168.0,True,1.9090909090909092,0.5090422195825788,0.4920827576347475,3.6446280991735542,0.25889769608546764,0.24285698139944795,,,False,False,False,False,-1.0,0
2024-07-10,2024,W302825,1,167.5,True,1.9090909090909092,0.5011216715781327,0.49627149447667784,W302827,1,174.5,True,1.9090909090909092,0.507857748657562,0.5013136401768635,3.6446280991735542,0.2544985239311846,0.24878766941211558,,,True,True,False,False,2.6446280991735542,1
2024-07-13,2024,W302833,1,166.5,True,1.9090909090909092,0.5305544120017808,0.5189223134382691,W302832,1,165.0,True,1.9090909090909092,0.5184088508667554,0.488505199592206,3.6446280991735542,0.27504410304813026,0.25349624829901096,,,True,False,False,False,-1.0,0
2024-07-14,2024,W302835,1,171.5,True,1.9090909090909092,0.5018261072927216,0.4973828660078705,W302834,1,154.5,True,1.8771929824561404,0.5363630089246366,0.4948059570257479,3.583732057416268,0.2691609608644617,0.2461080050232337,,,False,True,False,False,-1.0,0
2024-07-16,2024,W302838,1,167.5,True,1.9090909090909092,0.5350246160286237,0.5170015354163028,W302840,1,153.5,True,1.9090909090909092,0.533282635309881,0.5029663745586659,3.6446280991735542,0.2853193371914016,0.26003438790960154,,,True,True,False,False,2.6446280991735542,1
2024-07-17,2024,W302843,1,170.5,True,1.9090909090909092,0.5789175981308466,0.5694627306720521,W302842,1,151.5,True,1.8849557522123894,0.5263075225511322,0.47413634159555024,3.598551890587289,0.30468868683349787,0.2700029757958589,,,True,True,False,False,2.598551890587289,1
2024-08-15,2024,W302846,1,168.5,True,1.9090909090909092,0.5013241674281972,0.497138491939021,W302845,1,166.5,True,1.9090909090909092,0.5030842332703834,0.49157631446105643,3.6446280991735542,0.2522082843905279,0.24438150764411154,,,True,False,False,False,-1.0,0
2024-08-17,2024,W302852,1,159.5,True,1.9090909090909092,0.5355669174586348,0.5004979454179318,W302850,-1,156.5,True,1.8695652173913042,0.5180353701978616,0.49463264974874366,3.569169960474308,0.2774426063514115,0.2475626249358737,,,True,False,False,False,-1.0,0
2024-08-18,2024,W302855,1,167.5,True,1.9090909090909092,0.5060264941503739,0.47452019410286006,W302853,1,155.5,True,1.9090909090909092,0.5076708561831135,0.4648269459369604,3.6446280991735542,0.2568949035366596,0.22056977261024607,,,False,False,False,False,-1.0,0
2024-08-20,2024,W302857,1,174.5,True,1.9090909090909092,0.5009556312909584,0.49535138246545624,W302858,1,161.5,True,1.9090909090909092,0.5267902069226497,0.5136862577735557,3.6446280991735542,0.26389852066683056,0.2544551979416375,,,False,False,False,False,-1.0,0
2024-08-21,2024,W302861,1,166.5,True,1.8849557522123894,0.520058965315265,0.4929537317200345,W302860,1,162.5,True,1.9090909090909092,0.5165735398897877,0.5031282926701982,3.598551890587289,0.2686487006643268,0.24801896940570387,,,True,False,False,False,-1.0,0
2024-08-23,2024,W302865,1,161.0,True,1.9090909090909092,0.5012887681370951,0.4970128614417831,W302863,1,163.0,True,1.8849557522123894,0.5028433515704946,0.49289316792345933,3.598551890587289,0.2520697242747015,0.2449742437747438,,,False,False,False,False,-1.0,0
2024-08-24,2024,W302868,1,166.5,True,1.9090909090909092,0.5020779108429941,0.4965970747653336,W302867,1,156.5,True,1.8771929824561404,0.5300388028942624,0.4988018416498725,3.583732057416268,0.26612077482287283,0.24770353545088783,,,True,False,False,False,-1.0,0
2024-08-25,2024,W302870,1,166.5,True,1.9090909090909092,0.5035788422337852,0.4887920427991055,W302869,1,166.5,True,1.9090909090909092,0.5049396818930918,0.48090318155210665,3.6446280991735542,0.254276940405619,0.2350616484994433,,,True,False,False,False,-1.0,0
2024-08-26,2024,W302873,1,159.5,True,1.8849557522123894,0.5304665188964893,0.4954417274337382,W302871,1,165.5,True,1.9090909090909092,0.5156784955308611,0.5028088388304023,3.598551890587289,0.2735501763940347,0.24911247967908656,,,False,False,False,False,-1.0,0
2024-08-30,2024,W302881,1,167.5,True,1.9090909090909092,0.5251662107342273,0.5183935369055999,W302883,1,163.5,True,1.9090909090909092,0.5027900577329868,0.49317918800443095,3.6446280991735542,0.2640483494144761,0.25566090359784877,,,True,True,False,False,2.6446280991735542,1
2024-09-01,2024,W302887,1,179.5,True,1.9090909090909092,0.5353231717783954,0.5257396559240385,W302889,1,167.5,True,1.8333333333333335,0.5194873992117817,0.5055610345541953,3.5000000000000004,0.27809364224496047,0.26579348435512357,,,True,True,False,False,2.5000000000000004,1
2024-09-03,2024,W302890,1,160.5,True,1.9523809523809523,0.5040253198603794,0.48622720804157116,W302893,1,163.5,True,1.8695652173913042,0.5306689705047957,0.4945862170997896,3.6501035196687366,0.2674705975986579,0.24048127547627307,,,False,False,False,False,-1.0,0
2024-09-05,2024,W302895,1,164.0,True,1.9090909090909092,0.5027851028711898,0.4932056622477698,W302896,1,165.0,True,1.9090909090909092,0.4999740768260848,0.4884646469978775,3.6446280991735542,0.2513795176499312,0.24091352970721128,,,False,True,False,False,-1.0,0
2024-09-06,2024,W302899,1,169.5,True,1.9090909090909092,0.5017292346155073,0.4975561028088889,W302900,1,163.5,True,1.9090909090909092,0.5040168976009749,0.4862758803470021,3.6446280991735542,0.25288001226661966,0.24194953191541593,,,True,True,False,False,2.6446280991735542,1
2024-09-08,2024,W302903,1,167.5,True,1.9090909090909092,0.5008455171908919,0.49467247645020923,W302906,1,158.5,True,1.8695652173913042,0.5159744174268662,0.49742577204378163,3.569169960474308,0.25842347395342796,0.2460628385070547,,,False,False,False,False,-1.0,0
2024-09-10,2024,W302909,1,158.5,True,1.9090909090909092,0.5020036923790372,0.49686882461521936,W302908,1,168.5,True,1.9090909090909092,0.54809734225009,0.5287379883887271,3.6446280991735542,0.275146889592682,0.26271342282012233,,,False,True,False,False,-1.0,0
2024-09-11,2024,W302911,1,161.5,True,1.925925925925926,0.5034928790362406,0.48928135202507184,W302912,1,164.5,True,1.9090909090909092,0.5041385322301177,0.485572098662459,3.6767676767676774,0.25383016102564654,0.23758137293921952,,,False,True,False,False,-1.0,0
2024-09-13,2024,W302918,1,159.5,True,1.9090909090909092,0.5234930234924644,0.5175782744239305,W302914,1,158.5,True,1.9090909090909092,0.5040283493070793,0.4862096985985808,3.6446280991735542,0.2638553245046789,0.25165157680883277,,,False,False,False,False,-1.0,0
2024-09-15,2024,W302923,1,159.5,True,1.8928571428571428,0.5343308080142829,0.5278611313551923,W302919,1,183.5,True,1.925925925925926,0.5025890028194815,0.4942342523358102,3.6455026455026456,0.26854878797562626,0.2608870515924684,,,False,True,False,False,-1.0,0
2024-09-17,2024,W302926,-1,162.5,True,1.8928571428571428,0.5184241693335582,0.5027256775558961,W302929,1,163.5,True,1.9090909090909092,0.5033217058855236,0.490249740855318,3.6136363636363638,0.26093413728125203,0.24646113314309223,,,True,False,False,False,-1.0,0
2024-09-19,2024,W302931,1,160.0,True,1.9090909090909092,0.5042801074301833,0.48475084225063697,W302934,1,177.0,True,1.9090909090909092,0.4991798490150982,0.48237767898817807,3.6446280991735542,0.2517264678883164,0.2338329861724267,,,False,True,False,False,-1.0,0
2024-09-22,2024,W317459,1,162.5,True,1.9523809523809523,0.5036824503975066,0.4882000647459195,W317468,1,163.5,True,1.925925925925926,0.5039800847916555,0.48648851197126874,3.760141093474427,0.25384592405940415,0.23750372304251943,,,False,False,False,False,-1.0,0
2024-09-24,2024,W317469,1,159.5,True,1.9090909090909092,0.5274338632547216,0.5120487975935533,W317463,1,156.5,True,1.925925925925926,0.5074168232708497,0.46632530611233575,3.6767676767676774,0.2676288153781826,0.23878131228226718,,,False,True,False,False,-1.0,0
2024-09-25,2024,W317460,1,163.5,True,1.9090909090909092,0.5020767173165785,0.49660165694462743,W317466,-1,161.5,True,1.8849557522123894,0.5179503186073784,0.4971728051852835,3.598551890587289,0.26005079569946854,0.24689683884282024,,,True,False,False,False,-1.0,0
2024-09-29,2024,W317482,1,162.5,True,1.9090909090909092,0.5066525027291082,0.5006150118766751,W317477,1,154.0,True,1.8928571428571428,0.5036762461826088,0.48823557640535714,3.6136363636363638,0.2551888306936212,0.2444180588807832,,,True,False,False,False,-1.0,0
2024-10-01,2024,W317475,1,150.5,True,1.9090909090909092,0.5161851173452635,0.4955963021965526,W317479,1,163.5,True,1.925925925925926,0.498944008537823,0.4805455126134247,3.6767676767676774,0.2575474715958123,0.2381565790883601,,,False,True,False,False,-1.0,0
2024-10-04,2024,W317485,1,151.5,True,1.925925925925926,0.504123308716472,0.48566027909211396,W317478,1,164.5,True,1.9090909090909092,0.520909401400387,0.4919372666110457,3.6767676767676774,0.26260257097547995,0.23891439019813213,,,True,True,False,False,2.6767676767676774,1
2024-10-06,2024,W317474,1,165.5,True,1.8849557522123894,0.5215730254405975,0.5042271431426585,W317472,1,153.5,True,1.9090909090909092,0.5049570979001738,0.4808012230982913,3.598551890587289,0.26337200126949767,0.2424330271423474,,,False,True,False,False,-1.0,0
2025-05-25,2025,W355143,1,161.5,True,1.9090909090909092,0.5237190330145467,0.5171662367129088,W355141,-1,160.5,True,1.9090909090909092,0.5584863441239164,0.48826669063310263,3.6446280991735542,0.29248992809640684,0.2525150469069878,,,False,True,False,False,-1.0,0
2025-05-27,2025,W355146,1,160.5,True,1.9090909090909092,0.5128230022506537,0.505026282545476,W355148,1,154.5,True,1.9090909090909092,0.5043162248221337,0.4962436207034837,3.6446280991735542,0.25862496049700223,0.2506160710007876,,,True,True,False,False,2.6446280991735542,1
2025-05-29,2025,W355151,1,163.5,True,1.9090909090909092,0.5307400751919282,0.518137948800597,W355152,1,169.5,True,1.9090909090909092,0.49633713046436323,0.46009733630227995,3.6446280991735542,0.26342600594320204,0.2383938900802818,,,False,True,False,False,-1.0,0
2025-06-01,2025,W355162,1,161.0,True,1.8928571428571428,0.5619193404823186,0.5523987440722146,W355159,1,161.5,True,1.9090909090909092,0.526433911775234,0.5024746262176975,3.6136363636363638,0.2958133965122666,0.2775663524508115,,,False,False,True,False,-1.0,0
2025-06-03,2025,W355163,1,161.5,True,1.9090909090909092,0.5158999953885339,0.48062576299576626,W355165,1,162.5,True,1.9090909090909092,0.5163726301133175,0.4793893590252261,3.6446280991735542,0.2663966374942256,0.23040687645355062,,,False,False,False,False,-1.0,0
2025-06-05,2025,W355166,1,162.5,True,1.9090909090909092,0.5092186326351187,0.4977937701614491,W355167,1,156.0,True,1.8849557522123894,0.5260634051787025,0.4539928581214826,3.598551890587289,0.2678812878644733,0.2259948164706647,,,True,True,False,False,2.598551890587289,1
2025-06-06,2025,W355168,-1,158.0,True,1.9090909090909092,0.5350520155441786,0.4913584247212781,W355169,1,169.0,True,1.9090909090909092,0.5264356105750831,0.4530185575714843,3.6446280991735542,0.2816704344924285,0.22259448481783015,,,False,True,False,False,-1.0,0
2025-06-07,2025,W355171,1,168.5,True,1.9090909090909092,0.5082019273458894,0.5001608511379029,W355172,1,157.0,True,1.9090909090909092,0.49482715199703975,0.4860261467008394,3.6446280991735542,0.25147211234797295,0.24309125120916708,,,False,True,False,False,-1.0,0
2025-06-08,2025,W355173,-1,160.5,True,1.9090909090909092,0.5213647995267279,0.466305759511756,W355174,1,168.5,True,1.9090909090909092,0.5214187771502228,0.46616421933415886,3.6446280991735542,0.2718493962183975,0.21737506035381976,,,False,False,False,False,-1.0,0
2025-06-10,2025,W355177,1,167.0,True,1.9090909090909092,0.5139759104717595,0.5080584654005261,W355176,1,164.5,True,1.9090909090909092,0.563349619200358,0.5166582991133153,3.6446280991735542,0.289548133442423,0.26249262258395695,,,False,False,False,False,-1.0,0
2025-06-11,2025,W355178,1,156.5,True,1.9090909090909092,0.5035903980006418,0.49312285202241696,W355180,1,165.5,True,1.8928571428571428,0.5531764602822914,0.4865090954969453,3.6136363636363638,0.2785743537981453,0.23990875270630008,,,True,True,False,False,2.6136363636363638,1
2025-06-13,2025,W355181,1,160.5,True,1.9090909090909092,0.49801379523274136,0.46779252080585393,W355182,1,166.5,True,1.9090909090909092,0.5252052562010016,0.4562399451770029,3.6446280991735542,0.26155946291684506,0.21342563404667478,,,False,True,False,False,-1.0,0
2025-06-15,2025,W355187,1,158.0,True,1.8695652173913042,0.5333762694681902,0.527513066234318,W355186,1,157.5,True,1.9090909090909092,0.5308844282390426,0.49835785550074113,3.569169960474308,0.28316115585289364,0.2628902804371552,,,False,False,False,False,-1.0,0
2025-06-17,2025,W355192,1,158.0,True,1.9090909090909092,0.5396094046741979,0.5328661038118663,W355189,1,164.5,True,1.9090909090909092,0.5029256565807373,0.49017983746830535,3.6446280991735542,0.2713834141429118,0.26120022015886973,,,False,False,False,False,-1.0,0
2025-06-19,2025,W355196,1,161.5,True,1.8849557522123894,0.5835345591574286,0.5340786533871829,W355197,1,162.5,True,1.9090909090909092,0.5180268375909697,0.4750572564805664,3.598551890587289,0.3022865623053633,0.25371793982295043,,,True,True,False,False,2.598551890587289,1
2025-06-20,2025,W355199,1,158.5,True,1.925925925925926,0.524491697671922,0.5175371649635302,W355198,1,164.5,True,1.9090909090909092,0.5488604037858633,0.5187728199605901,3.6767676767676774,0.2878727249665441,0.2684842145025397,,,True,True,False,False,2.6767676767676774,1
2025-06-21,2025,W355201,1,157.5,True,1.8695652173913042,0.5342951809659571,0.4847201237148766,W355202,1,161.5,True,1.9090909090909092,0.5424081421894894,0.48849763416429615,3.569169960474308,0.2898060564885418,0.23678463366654215,,,True,False,False,False,-1.0,0
2025-06-22,2025,W355203,1,167.0,True,1.8547008547008548,0.5120672949593223,0.49059858489262115,W355207,1,157.5,True,1.9090909090909092,0.5479811919251026,0.5125877807331085,3.540792540792541,0.28060324663767255,0.25147483986091224,,,True,False,False,False,-1.0,0
2025-06-24,2025,W355211,-1,166.0,True,1.8695652173913042,0.5243077288770807,0.5130622294409982,W355210,1,159.5,True,1.9090909090909092,0.5273829314361733,0.5118008947932174,3.569169960474308,0.2765109470298372,0.2625857081125059,,,False,False,False,False,-1.0,0
2025-06-25,2025,W355212,1,161.0,True,1.8849557522123894,0.5744557028479208,0.5155458772935878,W355213,1,160.0,True,1.9090909090909092,0.5104993612475506,0.4669574962528085,3.598551890587289,0.2932592693688763,0.2407380120644714,,,False,False,False,False,-1.0,0
2025-06-26,2025,W355215,1,162.5,True,1.9090909090909092,0.5086031390306034,0.49925533882596246,W355214,1,170.5,True,1.9090909090909092,0.5329993107591919,0.4879169303289766,3.6446280991735542,0.27108512255327305,0.24359513237031674,,,True,False,False,False,-1.0,0
2025-06-27,2025,W355217,1,173.5,True,1.9090909090909092,0.521188994318821,0.4667667605200489,W355216,1,158.5,True,1.9090909090909092,0.49306766612095776,0.445118644570043,3.6446280991735542,0.2569814410367102,0.20776658777303403,,,True,True,False,False,2.6446280991735542,1
2025-06-29,2025,W355222,1,165.5,True,1.9090909090909092,0.5346460446108603,0.5113958195513612,W355224,1,169.0,True,1.9090909090909092,0.5142635223363976,0.484899016974073,3.6446280991735542,0.2749489581048038,0.24797533018510545,,,True,True,False,False,2.6446280991735542,1
2025-07-03,2025,W355229,-1,165.0,True,1.8547008547008548,0.5443334337107338,0.517367215294194,W355227,1,163.5,True,1.925925925925926,0.5141949165102466,0.48507781558725455,3.57201646090535,0.2798934845006267,0.2509633586513685,,,True,False,False,False,-1.0,0
2025-07-05,2025,W355233,1,157.5,True,1.9090909090909092,0.5176471364395044,0.47605213505496463,W355232,1,162.5,True,1.9090909090909092,0.5290240292451673,0.44624946808657057,3.6446280991735542,0.27384777384644954,0.2124380120497542,,,False,True,False,False,-1.0,0
2025-07-06,2025,W355235,1,166.0,True,1.9090909090909092,0.5136612734743002,0.48646729457743737,W355234,1,157.5,True,1.9090909090909092,0.5504947155233522,0.49573567949545,3.6446280991735542,0.2827678166165977,0.24115919482965914,,,False,False,False,False,-1.0,0
2025-07-07,2025,W355238,1,168.5,True,1.8695652173913042,0.5794372964320249,0.5073893474920045,W355237,1,157.0,True,1.9090909090909092,0.5172339822763471,0.4771343698048802,3.569169960474308,0.29970466031297643,0.24209289656130695,,,True,True,False,False,2.569169960474308,1
2025-07-08,2025,W355239,1,159.0,True,1.8547008547008548,0.5144304399794438,0.48446385951935317,W355240,1,164.5,True,1.9090909090909092,0.5381839547972284,0.5267002520826315,3.540792540792541,0.2768582086562153,0.25516723693376786,,,True,True,False,False,2.540792540792541,1
2025-07-09,2025,W355242,1,160.5,True,1.9090909090909092,0.535569042808274,0.4861017511197187,W355243,1,162.5,True,1.9090909090909092,0.5413877195687739,0.5172007613308021,3.6446280991735542,0.2899505027576025,0.25141219576335455,,,False,False,False,False,-1.0,0
2025-07-10,2025,W355246,1,157.0,True,1.8849557522123894,0.5159601564132285,0.48046842645879856,W355245,1,162.5,True,1.9090909090909092,0.5422713177514513,0.5196588558428328,3.598551890587289,0.27979039392544636,0.2496796727621855,,,False,True,False,False,-1.0,0
2025-07-11,2025,W355247,-1,167.5,True,1.8849557522123894,0.5950504031590524,0.5789730018945988,W355248,1,158.5,True,1.9090909090909092,0.5180722099829895,0.47493835823214947,3.598551890587289,0.3082790774158792,0.27497648698055993,,,False,False,False,False,-1.0,0
2025-07-12,2025,W355250,1,155.0,True,1.9090909090909092,0.5060285420102515,0.44884815410580203,W355249,1,159.5,True,1.9090909090909092,0.5284481408297588,0.49876339779090234,3.6446280991735542,0.2674098422321109,0.22386903043398437,,,True,True,False,False,2.6446280991735542,1
2025-07-13,2025,W355254,1,159.0,True,1.9090909090909092,0.510026562523477,0.4958000151220925,W355251,-1,173.5,True,1.8771929824561404,0.5531520097643091,0.4976585084910395,3.583732057416268,0.2821222180930434,0.24673909603549538,,,False,False,False,False,-1.0,0
2025-07-14,2025,W355255,1,161.0,True,1.8695652173913042,0.5099606478035417,0.49596480452157604,W355256,1,158.0,True,1.9090909090909092,0.5266816701429428,0.45237457876688014,3.569169960474308,0.2685869256923463,0.224361869528646,,,True,False,False,False,-1.0,0
2025-07-15,2025,W355258,1,163.0,True,1.9090909090909092,0.511764141855403,0.4913796065661973,W355257,1,164.5,True,1.9090909090909092,0.5173663016515331,0.5040844890325212,3.6446280991735542,0.26476952138960036,0.24769683789692287,,,True,False,False,False,-1.0,0
2025-07-22,2025,W355268,1,162.5,True,1.9090909090909092,0.5071738546176344,0.5020852251716608,W355264,1,167.0,True,1.9090909090909092,0.4952341334959362,0.4789006934909836,3.6446280991735542,0.2511698044233581,0.24044896252628498,,,False,True,False,False,-1.0,0
2025-07-24,2025,W355271,1,165.0,True,1.9090909090909092,0.5462149951650039,0.5146348946182023,W355272,1,160.5,True,1.9090909090909092,0.5377882554955076,0.5282240868327988,3.6446280991735542,0.29374800937527457,0.27184254726199353,,,True,False,False,False,-1.0,0
2025-07-25,2025,W355275,1,161.5,True,1.8695652173913042,0.5709101433129413,0.4959290134382263,W355273,1,157.5,True,1.9090909090909092,0.5321113033250946,0.5100084689050948,3.569169960474308,0.30378774043976575,0.252927996829244,,,True,True,False,False,2.569169960474308,1
2025-07-26,2025,W355278,1,156.5,True,1.9090909090909092,0.5091169109412149,0.49803969933552467,W355277,1,173.5,True,1.8695652173913042,0.5397139918430442,0.5041711422995022,3.569169960474308,0.27477752031888275,0.2510972441244921,,,False,True,False,False,-1.0,0
2025-07-27,2025,W355280,1,165.5,True,1.8771929824561404,0.6070478051268845,0.5445401290185662,W355281,-1,166.5,True,1.8928571428571428,0.5391483511858448,0.53084048695529,3.5532581453634084,0.3272888232251458,0.2890639472549121,0.16294167701115403,0.02711882511441499,True,True,False,False,2.5532581453634084,1
2025-07-28,2025,W355283,1,158.5,True,1.9090909090909092,0.5221078724790801,0.5168569560540611,W355284,1,166.5,True,1.9090909090909092,0.5294164609577169,0.4452243074795554,3.6446280991735542,0.2764125020860375,0.23011728032516035,,,True,True,False,False,2.6446280991735542,1
2025-07-29,2025,W355287,1,169.5,True,1.9090909090909092,0.5946525832306572,0.582745980514732,W355285,1,157.5,True,1.9523809523809523,0.5126078360670979,0.48920162995690375,3.7272727272727275,0.304823573901577,0.285080283518641,,,False,True,False,False,-1.0,0
2025-07-30,2025,W355289,1,161.5,True,1.9090909090909092,0.5481068726008691,0.5281113956359508,W355290,1,164.5,True,1.8695652173913042,0.5421493821652933,0.4888196489096179,3.569169960474308,0.29715580234111233,0.25815122699993376,,,True,True,False,False,2.569169960474308,1
2025-08-01,2025,W355296,1,165.5,True,1.925925925925926,0.5273296893962744,0.5202426029775916,W355292,1,161.5,True,1.9090909090909092,0.5249307869476352,0.5080332257740368,3.6767676767676774,0.2768115888356384,0.2643005277757874,,,True,True,False,False,2.6767676767676774,1
2025-08-03,2025,W355298,-1,161.5,True,1.8928571428571428,0.5661917929157982,0.5579467487433551,W355299,1,166.0,True,1.8928571428571428,0.5554382824081907,0.5481111218731102,3.582908163265306,0.314484596970765,0.30581681839917474,0.1267694297077535,0.0957135751062268,False,False,False,False,-1.0,0
2025-08-07,2025,W355310,1,173.5,True,1.9090909090909092,0.5285464746379602,0.5186742736435176,W355309,1,156.5,True,1.9090909090909092,0.5158793934468419,0.4806796392441984,3.6446280991735542,0.27266623474469753,0.24931616274021268,,,True,False,False,False,-1.0,0
2025-08-08,2025,W355312,1,172.5,True,1.8849557522123894,0.5335266799828382,0.5246885330497646,W355313,1,156.5,True,1.9090909090909092,0.5077616734513473,0.5010809911670342,3.598551890587289,0.27090439985902737,0.2629114501945532,,,False,False,False,False,-1.0,0
2025-08-09,2025,W355316,1,165.5,True,1.9090909090909092,0.5075167606096931,0.5015407630969856,W355315,-1,167.5,True,1.8771929824561404,0.5564568601547267,0.4965200159846035,3.583732057416268,0.2824111830847679,0.24902502770984553,,,False,True,False,False,-1.0,0
2025-08-10,2025,W355318,1,163.5,True,1.8849557522123894,0.5674917047208282,0.5553504937034187,W355320,-1,172.5,True,1.8695652173913042,0.5526677413031817,0.5431327980845712,3.5240477106579453,0.3136343586563523,0.30162906756278585,0.10526244360659098,0.06295522501252626,True,False,False,False,-1.0,0
2025-08-12,2025,W355324,1,176.5,True,1.8695652173913042,0.5500451013329026,0.5269007088958899,W355323,1,168.5,True,1.9090909090909092,0.5309152541190143,0.49044507344616356,3.569169960474308,0.29202733475107695,0.2584158568732804,,,True,False,False,False,-1.0,0
2025-08-13,2025,W355326,1,150.5,True,1.9090909090909092,0.5393753577945026,0.5324342271425992,W355325,1,157.5,True,1.9090909090909092,0.5075160656526756,0.5015419968217517,3.6446280991735542,0.27374165949787016,0.26703812545734534,,,True,False,False,False,-1.0,0
2025-08-15,2025,W355330,-1,162.5,True,1.8928571428571428,0.517369351584301,0.506855009565834,W355329,1,151.0,True,1.9090909090909092,0.49952255899084697,0.46434382743308694,3.6136363636363638,0.2584376624468252,0.23535499509543323,,,False,False,False,False,-1.0,0
2025-08-17,2025,W355339,1,153.5,True,1.9090909090909092,0.5161599930286827,0.47994570843412193,W355336,1,165.0,True,1.8695652173913042,0.50545299294783,0.5005904228971915,3.569169960474308,0.2608946133162787,0.24025622515272926,,,False,True,False,False,-1.0,0
2025-08-19,2025,W355343,1,163.0,True,1.8547008547008548,0.5368738892008824,0.5310800947919295,W355344,1,155.5,True,1.9090909090909092,0.5164585649539257,0.4791644760913069,3.540792540792541,0.2772731183779207,0.25447471538349653,,,False,True,False,False,-1.0,0
2025-08-22,2025,W355350,1,168.0,True,1.9090909090909092,0.5173626634330433,0.5105138633835746,W355351,1,163.5,True,1.925925925925926,0.5097227015053862,0.4965569512688548,3.6767676767676774,0.2637114944631127,0.2534992075822325,,,False,True,False,False,-1.0,0
2025-08-23,2025,W355355,1,158.5,True,1.9523809523809523,0.5036474273546153,0.49337239425919943,W355354,1,160.5,True,1.900900900900901,0.5197492870556318,0.5106950369619824,3.7112827112827116,0.26177039129496443,0.2519628331222236,,,True,True,False,False,2.7112827112827116,1
2025-08-24,2025,W355356,-1,158.0,True,1.8695652173913042,0.5092885266084439,0.4976239856789936,W355358,1,165.5,True,1.9090909090909092,0.5223868156487979,0.5083072311790172,3.569169960474308,0.2660456116614531,0.25294587032875615,,,False,True,False,False,-1.0,0
2025-08-25,2025,W355360,1,162.5,True,1.9090909090909092,0.5117234791949026,0.4914842123608085,W355359,1,166.0,True,1.9090909090909092,0.5022550225878916,0.4871674096587706,3.6446280991735542,0.2570156876017903,0.2394350906239962,,,False,False,False,False,-1.0,0
2025-08-26,2025,W355362,-1,173.5,True,1.8695652173913042,0.5281573429383427,0.5120505367700554,W355361,1,162.5,True,1.9090909090909092,0.5066006706062599,0.5025466564204242,3.569169960474308,0.2675648641181848,0.2573292851720748,,,False,True,False,False,-1.0,0
2025-08-27,2025,W355364,1,164.5,True,1.9090909090909092,0.533081484465332,0.5170682194526001,W355363,1,161.5,True,1.9090909090909092,0.5309985615688404,0.5028629470979844,3.6446280991735542,0.2830655014500734,0.2600144486846418,,,True,False,False,False,-1.0,0
2025-08-28,2025,W355365,1,162.5,True,1.8928571428571428,0.518104401180231,0.5077954268985841,W355367,1,162.5,True,1.9090909090909092,0.5245283730259894,0.5054418109240699,3.6136363636363638,0.2717604586086711,0.25666104015058155,,,False,False,False,False,-1.0,0
2025-08-29,2025,W355369,1,177.5,True,1.8849557522123894,0.5137200364937609,0.49120943780875836,W355368,1,164.0,True,1.9090909090909092,0.5125846200696497,0.48926172812120167,3.598551890587289,0.26332498972832097,0.24032997841175704,,,False,True,False,False,-1.0,0
2025-08-30,2025,W355371,1,150.5,True,1.9090909090909092,0.5826489346968419,0.5533371125070526,W355372,1,162.5,True,1.925925925925926,0.508767903634022,0.4988710459177332,3.6767676767676774,0.2964330770603084,0.27604386406149173,,,True,False,False,False,-1.0,0
2025-08-31,2025,W355375,1,157.5,True,1.9090909090909092,0.5471972164851506,0.5147883054052841,W355374,1,171.5,True,1.9090909090909092,0.4970119126551229,0.4631940437561105,3.6446280991735542,0.27196353516484406,0.23844687685902913,,,False,False,False,False,-1.0,0
2025-09-01,2025,W355376,1,159.0,True,1.9090909090909092,0.5029113072568374,0.4901157512050686,W355377,-1,168.5,True,1.8928571428571428,0.5182648170441936,0.47439046191522966,3.6136363636363638,0.26064123664492106,0.23250623760610228,,,True,True,False,False,2.6136363636363638,1
2025-09-02,2025,W355380,1,156.5,True,1.9090909090909092,0.575453176471918,0.5598234749374279,W355379,1,162.5,True,1.9090909090909092,0.560181058147781,0.5528251942163303,3.6446280991735542,0.3223579693105407,0.3094845212591445,,,False,True,False,False,-1.0,0
2025-09-03,2025,W355382,1,161.5,True,1.9090909090909092,0.49972418290973863,0.4756364897860093,W355381,1,166.5,True,1.900900900900901,0.53456615345011,0.5253125058203972,3.6289926289926293,0.26713563424405823,0.24985779630910632,,,False,False,False,False,-1.0,0
2025-09-04,2025,W355383,1,158.5,True,1.8849557522123894,0.5628864998994808,0.5554394228259613,W355385,1,164.5,True,1.925925925925926,0.5047374459742244,0.497970515920547,3.6302851524090465,0.2841098943326345,0.2765924559472548,,,False,True,False,False,-1.0,0
2025-09-06,2025,W355390,1,153.5,True,1.9090909090909092,0.5766908438430751,0.5454765875969789,W355389,1,160.5,True,1.9090909090909092,0.5396722290040109,0.5222410109765764,3.6446280991735542,0.31122403314299635,0.2848702445706993,,,False,True,False,False,-1.0,0
2025-09-07,2025,W355391,1,160.5,True,1.925925925925926,0.5064655370257474,0.5025320529208355,W355393,1,160.5,True,1.9090909090909092,0.5441712188667659,0.5051400150811253,3.6767676767676774,0.2756039685973121,0.2538490487911797,,,False,False,False,False,-1.0,0
2025-09-09,2025,W355395,1,158.5,True,1.9090909090909092,0.5094261862171721,0.497287838817733,W355399,1,155.5,True,1.9090909090909092,0.5127898314500864,0.4887302319055067,3.6446280991735542,0.261228568166564,0.24303960078917886,,,False,False,False,False,-1.0,0
2025-09-11,2025,W355403,1,159.5,True,1.9090909090909092,0.5121706725725644,0.4903318205232213,W355401,1,153.5,True,1.8695652173913042,0.5492536696532684,0.5008820350747106,3.569169960474308,0.2813116213992636,0.24559840012555884,,,True,False,False,False,-1.0,0
2025-09-14,2025,W367453,1,164.5,True,1.9523809523809523,0.5108168901750454,0.4938044067046401,W367450,1,158.5,True,1.9090909090909092,0.5190699804033376,0.4723230595987445,3.7272727272727275,0.2651497131728547,0.2332352082180784,,,False,False,False,False,-1.0,0
2025-09-16,2025,W367451,1,156.5,True,1.9090909090909092,0.5454342185485447,0.5134825884270326,W367457,-1,161.0,True,1.8771929824561404,0.525424311305243,0.49331026751330137,3.583732057416268,0.2865843986431825,0.25330623306036193,,,False,False,False,False,-1.0,0
2025-09-17,2025,W367454,1,159.0,True,1.9090909090909092,0.5410268529415087,0.5181935501100536,W367448,1,152.0,True,1.9090909090909092,0.5251530931945129,0.45637656752709715,3.6446280991735542,0.2841219253235261,0.2364913937139071,,,False,False,False,False,-1.0,0
2025-09-18,2025,W367458,1,159.0,True,1.8695652173913042,0.5157755411237269,0.48095119915176243,W367452,1,155.5,True,1.9090909090909092,0.5336836841036356,0.48582500417957564,3.569169960474308,0.2752609909574568,0.2336581183380769,,,False,True,False,False,-1.0,0
2025-09-21,2025,W367819,1,160.5,True,1.9090909090909092,0.521167267164226,0.46682373443636127,W367876,1,157.5,True,1.9090909090909092,0.5505753936070164,0.48540476741240324,3.6446280991735542,0.2869418732540368,0.22659846623667143,,,True,False,False,False,-1.0,0
2025-09-23,2025,W367820,1,164.5,True,1.9090909090909092,0.5365964020550712,0.5240835943714932,W367877,1,157.5,True,1.9090909090909092,0.544862441816614,0.49474989031929933,3.6446280991735542,0.29237122589373565,0.2592903008334404,,,False,True,False,False,-1.0,0
2025-09-26,2025,W367821,1,162.5,True,1.9090909090909092,0.5381310931721174,0.526530359558509,W367878,1,158.5,True,1.9090909090909092,0.5198867750491871,0.47018149470360887,3.6446280991735542,0.2797672385829457,0.2475648314640484,,,False,True,False,False,-1.0,0
2025-09-28,2025,W367822,1,157.5,True,1.9090909090909092,0.5218540373961105,0.46502291111615496,W367874,1,155.5,True,1.9090909090909092,0.5511801748297955,0.4792804405703433,3.6446280991735542,0.2876355995676228,0.22287638571505433,,,True,True,False,False,2.6446280991735542,1
2026-05-17,2026,W373869,-1,176.5,True,1.8928571428571428,0.6720392588387468,0.559107220069399,W373867,-1,171.5,True,1.9090909090909092,0.6270416051877277,0.512150042532964,3.6136363636363638,0.42139657561141863,0.28634678653902995,,,True,True,False,False,2.6136363636363638,1
2026-05-18,2026,W373871,-1,174.0,True,1.9090909090909092,0.6398441754969322,0.5127820006981689,W373872,-1,175.5,True,1.9090909090909092,0.624256119956297,0.531447308219926,3.6446280991735542,0.39942664237235087,0.2725166139746701,,,True,True,False,False,2.6446280991735542,1
2026-05-20,2026,W373874,-1,180.5,True,1.9090909090909092,0.6110208156472366,0.5113697071862912,W373876,-1,166.5,True,1.925925925925926,0.5915379776110389,0.5104323212580174,3.6767676767676774,0.3614420175662138,0.2610196266601313,,,True,True,False,False,2.6767676767676774,1
2026-05-21,2026,W373877,-1,168.5,True,1.9090909090909092,0.6724014753967092,0.5638534019356491,W373879,-1,176.0,True,1.9090909090909092,0.6532847306874562,0.5503263071074,3.6446280991735542,0.4392696167683874,0.3103033604371903,,,True,False,False,False,-1.0,0
2026-05-22,2026,W373881,-1,169.5,True,1.8547008547008548,0.6740714475544723,0.5644944151348515,W373882,-1,167.5,True,1.9090909090909092,0.6018708723312949,0.5362315475018671,3.540792540792541,0.40570397015322895,0.3026997137839228,,,False,True,False,False,-1.0,0
2026-05-23,2026,W373885,-1,182.5,True,1.9090909090909092,0.6083878712095006,0.5172174171791112,W373884,-1,176.5,True,1.9090909090909092,0.6049470213503052,0.5352471010627974,3.6446280991735542,0.36804243051384045,0.27683912316430676,,,False,False,False,False,-1.0,0
2026-05-24,2026,W373888,-1,161.5,True,1.8928571428571428,0.6092212245890193,0.5382621920092482,W373886,-1,169.5,True,1.9090909090909092,0.6386567834359343,0.5620710936664395,3.6136363636363638,0.38908326769692403,0.30254161894193315,,,False,True,False,False,-1.0,0
2026-05-25,2026,W373889,-1,178.5,True,1.9090909090909092,0.6025510106834799,0.5109609421906487,W373890,-1,162.5,True,1.9090909090909092,0.6279380870551436,0.5385606414593422,3.6446280991735542,0.3783647290017278,0.2751834527868656,,,True,False,False,False,-1.0,0
2026-05-27,2026,W373894,-1,171.5,True,1.8695652173913042,0.5959352754095065,0.5494314414610334,W373895,-1,159.5,True,1.9090909090909092,0.604195743019331,0.5248572735307598,3.569169960474308,0.36006155651747646,0.2883730883573133,,,True,True,False,False,2.569169960474308,1
2026-05-28,2026,W373897,-1,171.5,True,1.9090909090909092,0.6752957303383749,0.5429997843928183,W373896,-1,175.5,True,1.9090909090909092,0.5907874914592284,0.5103963892505899,3.6446280991735542,0.39895627051973603,0.2771451293179433,,,False,False,False,False,-1.0,0
2026-05-29,2026,W373899,-1,171.5,True,1.9090909090909092,0.6284271987936626,0.5264144378431674,W373901,-1,166.5,True,1.9090909090909092,0.5821518866684307,0.5372198037197138,3.6446280991735542,0.3658400794114876,0.2828002609733299,,,False,True,False,False,-1.0,0
2026-05-30,2026,W373903,-1,168.5,True,1.9090909090909092,0.5819621169387763,0.539824711163085,W373904,-1,175.5,True,1.925925925925926,0.6046117695249851,0.5400230209181126,3.6767676767676774,0.3518611453188598,0.29151777128853673,,,True,False,False,False,-1.0,0
2026-06-01,2026,W373906,-1,171.5,True,1.9090909090909092,0.6174129830971123,0.5389657505619286,W373907,-1,168.5,True,1.9090909090909092,0.5877191122937935,0.5102495707748225,3.6446280991735542,0.36286541034449776,0.27500704288655414,,,True,False,False,False,-1.0,0
2026-06-02,2026,W373909,-1,163.5,True,1.9090909090909092,0.6099190967989194,0.511316406352617,W373908,-1,162.5,True,1.9090909090909092,0.5450287857349393,0.5226797314579182,3.6446280991735542,0.33242346472486595,0.2672547219624136,,,True,False,False,False,-1.0,0
2026-06-03,2026,W373913,-1,162.5,True,1.9090909090909092,0.5925480539994326,0.5250593170553121,W373912,-1,172.5,True,1.9090909090909092,0.5901397148312141,0.5386787278717774,3.6446280991735542,0.34968613961101597,0.2828382849685797,,,True,False,False,False,-1.0,0
2026-06-04,2026,W373914,-1,174.5,True,1.9090909090909092,0.6633022953883487,0.5819869344481426,W373915,-1,166.5,True,1.9090909090909092,0.6612231363925968,0.5914037177254228,3.6446280991735542,0.43859082413309264,0.3441892367002535,,,True,False,False,False,-1.0,0
2026-06-05,2026,W373917,-1,171.5,True,1.8849557522123894,0.57475459435647,0.5501026543526444,W373916,-1,162.5,True,1.9090909090909092,0.5828161127960331,0.540550574317355,3.598551890587289,0.33497623849449865,0.2973583057438233,,,False,False,False,False,-1.0,0
2026-06-06,2026,W373919,-1,159.5,True,1.8695652173913042,0.5553087894783298,0.5423799124868005,W373921,-1,161.5,True,1.9090909090909092,0.591168745814785,0.5386254166715543,3.569169960474308,0.3282812006158307,0.2921396063574841,,,True,False,False,False,-1.0,0
2026-06-07,2026,W373923,-1,173.5,True,1.9174311926605505,0.5737061414385392,0.5095799874278074,W373924,-1,177.5,True,1.9090909090909092,0.5817966929856846,0.5099664956504527,3.6605504587155964,0.3337803358345195,0.2598687204421607,,,True,True,False,False,2.6605504587155964,1
2026-06-09,2026,W373928,-1,164.5,True,1.9090909090909092,0.577911748846999,0.5097809146663626,W373930,-1,161.5,True,1.9090909090909092,0.5708367960057569,0.5094428151079305,3.6446280991735542,0.3298932910859046,0.25970422425592743,,,True,False,False,False,-1.0,0
2026-06-10,2026,W373932,-1,169.0,True,1.9090909090909092,0.5561243541480589,0.5087359138363651,W373931,-1,170.0,True,1.9090909090909092,0.556230126340698,0.5087410332520336,3.6446280991735542,0.3093331197689139,0.2588148344575299,,,False,False,False,False,-1.0,0
2026-06-11,2026,W373933,-1,171.5,True,1.9090909090909092,0.5962754257615519,0.5388027437000874,W373934,-1,164.5,True,1.9090909090909092,0.5848724015235729,0.535483152545138,3.6446280991735542,0.34874504023464975,0.2885197917964928,,,False,False,False,False,-1.0,0
2026-06-12,2026,W373937,-1,169.5,True,1.9090909090909092,0.6054322086764644,0.5408079168198328,W373938,-1,158.5,True,1.9090909090909092,0.5757004281255491,0.5096752781558868,3.6446280991735542,0.34854758173603734,0.2756364254340539,,,False,True,False,False,-1.0,0
2026-06-13,2026,W373939,-1,171.5,True,1.9090909090909092,0.5623258081182861,0.5090349287419279,W373942,-1,177.5,True,1.9090909090909092,0.5860395710249435,0.5221847496799715,3.6446280991735542,0.3295451753658951,0.26581027684346575,,,True,False,False,False,-1.0,0
2026-06-14,2026,W373943,-1,168.5,True,1.9090909090909092,0.6481397687035699,0.5703430342112259,W373944,-1,173.5,True,1.9090909090909092,0.5722721899114328,0.5095114485257527,3.6446280991735542,0.3709123648046815,0.2905963055175346,,,True,False,False,False,-1.0,0
2026-06-15,2026,W373947,-1,173.5,True,1.9090909090909092,0.6138591476510974,0.5547198331661749,W373945,-1,178.5,True,1.9090909090909092,0.5725568096880129,0.5095250543846798,3.6446280991735542,0.3514692351769152,0.28264365316225576,,,True,True,False,False,2.6446280991735542,1
2026-06-17,2026,W373952,-1,164.5,True,1.8695652173913042,0.5527193141726675,0.532557465531294,W373950,-1,167.5,True,1.925925925925926,0.5518033993699594,0.5085260078051836,3.600644122383253,0.3049923964579105,0.2708193218734756,,,False,False,False,False,-1.0,0
2026-06-19,2026,W373957,-1,168.5,True,1.9090909090909092,0.6070228450840338,0.518018704965527,W373956,-1,168.5,True,1.9090909090909092,0.5441752470434533,0.5219826968125776,3.6446280991735542,0.330326806684624,0.2703968006172648,,,False,False,False,False,-1.0,0
2026-06-20,2026,W373959,-1,175.5,True,1.9090909090909092,0.6094305222496533,0.5112927824395656,W373960,-1,163.5,True,1.9090909090909092,0.5600102983837852,0.5225572957288932,3.6446280991735542,0.34128736860921444,0.2671797737173207,,,False,False,False,False,-1.0,0
2026-06-21,2026,W373963,-1,168.5,True,1.9523809523809523,0.5789672178649217,0.5231888465370153,W373964,-1,178.5,True,1.9090909090909092,0.5873987421031942,0.5363818696976013,3.7272727272727275,0.34008461549284097,0.2806290117104556,,,True,False,False,False,-1.0,0
2026-06-22,2026,W373966,-1,177.5,True,1.8849557522123894,0.5804947219659603,0.5369528945074751,W373965,-1,167.5,True,1.9090909090909092,0.6005369801066269,0.5376228909013661,3.598551890587289,0.3486085472972738,0.288678167422965,,,False,True,False,False,-1.0,0
2026-06-25,2026,W373974,-1,180.0,True,1.8849557522123894,0.503764588093561,0.4986181486998261,W373976,-1,171.0,True,1.9090909090909092,0.5873122089102962,0.5102301106545056,3.598551890587289,0.2958670930040148,0.25440999318545704,,,False,False,False,False,-1.0,0
2026-06-26,2026,W373978,-1,163.5,True,1.9523809523809523,0.611567992569733,0.5183014377711352,W373977,-1,173.5,True,1.9090909090909092,0.5689065711476181,0.5093504689541327,3.7272727272727275,0.3479250496764788,0.263997080388329,,,True,False,False,False,-1.0,0
2026-06-27,2026,W373981,-1,181.0,True,1.9090909090909092,0.55736898316277,0.508796105604877,W373982,-1,167.5,True,1.9090909090909092,0.5944500749213008,0.5383671979654759,3.6446280991735542,0.3313280337999178,0.273919133710244,,,False,False,False,False,-1.0,0
2026-07-02,2026,W373987,-1,166.5,True,1.9090909090909092,0.6016077071385024,0.5109155494753516,W373989,-1,167.5,True,1.9090909090909092,0.5956598625082011,0.5378325439667311,3.6446280991735542,0.35835356411799446,0.27478700972648856,,,True,True,False,False,2.6446280991735542,1
2026-07-03,2026,W373990,-1,174.5,True,1.8928571428571428,0.6301967401850238,0.5737186966895561,W373991,-1,185.5,False,1.430880128227787,0.7226074941009271,0.6492212343547551,2.708451671288311,0.45538488721567305,0.37247036043719495,0.23338795885872865,0.008817970231480343,False,False,False,False,-1.0,0
2026-07-04,2026,W373993,-1,167.5,True,1.9523809523809523,0.5474581352647935,0.5357613180699123,W373992,-1,161.5,True,1.9174311926605505,0.5982796629036343,0.5107555869428474,3.743556138051551,0.32753306862007286,0.27364308647207164,,,True,False,False,False,-1.0,0
2026-07-05,2026,W373995,-1,183.5,True,1.925925925925926,0.6211806239322344,0.5253064008248128,W373994,-1,181.5,True,1.9523809523809523,0.5511883528838316,0.508495989273394,3.760141093474427,0.3423875249485591,0.2671161979590592,,,True,True,False,False,2.760141093474427,1
2026-07-06,2026,W373998,-1,174.5,True,1.9090909090909092,0.5528226408285953,0.5085756698193014,W373997,-1,167.5,True,1.9174311926605505,0.5528353317692807,0.5085762875473891,3.6605504587155964,0.3056198880520464,0.25864952609362707,,,True,False,False,False,-1.0,0
2026-07-07,2026,W374000,-1,173.5,True,1.9090909090909092,0.6359321094497519,0.5402749045185387,W373999,-1,175.5,True,1.9090909090909092,0.5967226912749803,0.5356145598282936,3.6446280991735542,0.3794751198190313,0.28937910516997045,,,True,True,False,False,2.6446280991735542,1
2026-07-08,2026,W374003,-1,185.0,True,1.9090909090909092,0.5877278873479386,0.5102499904639801,W374002,-1,168.5,True,1.9090909090909092,0.5797707821757273,0.536620966197544,3.6446280991735542,0.3407474569542021,0.27381084288506863,,,False,True,False,False,-1.0,0
2026-07-09,2026,W374004,-1,169.5,True,1.9090909090909092,0.5893610884803754,0.5386971783506496,W374006,-1,174.5,True,1.9090909090909092,0.599823835807343,0.5108297726714323,3.6446280991735542,0.35351282876788964,0.2751825571556043,,,True,False,False,False,-1.0,0
2026-07-10,2026,W374009,-1,181.5,True,1.8695652173913042,0.6036918934920612,0.5383223597594377,W374008,-1,154.5,True,1.9433962264150944,0.5674377203958728,0.5092801455940672,3.633305988515176,0.34255755186460324,0.2741568897548282,,,False,True,False,False,-1.0,0
2026-07-11,2026,W374012,-1,172.5,True,1.9090909090909092,0.5351797496134819,0.5076911766427412,W374011,-1,173.5,True,1.9090909090909092,0.583386940858466,0.5100424764175636,3.6446280991735542,0.312216876936409,0.25894406499021044,,,False,True,False,False,-1.0,0
2026-07-12,2026,W374014,-1,160.5,True,1.9090909090909092,0.5437188802111746,0.5081274631443343,W374015,-1,176.5,True,1.9523809523809523,0.5681145339570401,0.5093125550749562,3.7272727272727275,0.30889459823481524,0.25879569655779655,,,False,False,False,False,-1.0,0
2026-07-13,2026,W374017,-1,179.5,True,1.9523809523809523,0.6117940319723655,0.5680523135816464,W374018,-1,170.5,True,1.9090909090909092,0.5803700854871502,0.5365112087255008,3.7272727272727275,0.35506695463633003,0.3047664333790064,,,False,False,False,False,-1.0,0
2026-07-14,2026,W374019,-1,168.5,True,1.8928571428571428,0.5859866121520529,0.5375645200506195,W374020,-1,171.5,True,1.9090909090909092,0.5513285759260648,0.5085028366278882,3.6136363636363638,0.3230711643895306,0.2733530833162493,,,False,True,False,False,-1.0,0
2026-07-15,2026,W374021,-1,171.5,True,1.9090909090909092,0.595388055016968,0.5383510135360872,W374022,-1,182.5,True,1.9523809523809523,0.5656099557187361,0.5354469823782699,3.7272727272727275,0.33675741143361165,0.288258425658181,,,False,False,False,False,-1.0,0
2026-07-17,2026,W374026,-1,174.5,True,1.9090909090909092,0.5424497619497981,0.5080638990431299,W374029,-1,164.0,True,1.9090909090909092,0.5696944510535124,0.5093881710395171,3.6446280991735542,0.30903061935809867,0.25880174030478575,,,False,False,False,False,-1.0,0
2026-07-18,2026,W374032,-1,150.5,True,1.9090909090909092,0.5653580707697621,0.515924582835298,W374030,-1,175.5,True,1.9090909090909092,0.6023848314107016,0.5801767823940991,3.6446280991735542,0.34056312614732265,0.299327464427401,,,True,False,False,False,-1.0,0
2026-07-20,2026,W374037,-1,174.5,True,1.9090909090909092,0.549278153661865,0.5084024899617487,W374038,-1,147.5,True,1.9090909090909092,0.5606326606834682,0.5282501360706474,3.6446280991735542,0.3079432727427543,0.26856368450094975,,,False,False,False,False,-1.0,0
2026-07-22,2026,W374040,-1,176.5,True,1.8928571428571428,0.6076023370137545,0.5827891887252138,W374043,-1,181.5,False,1.405985097445971,0.7006836418588955,0.6531642972024855,2.6613289344513023,0.42573701830077354,0.38065709087091093,0.13302624527087215,0.013053730038814049,True,False,False,False,-1.0,0
2026-07-28,2026,W374045,-1,158.5,True,1.8771929824561404,0.5893813793535397,0.5428268639951366,W374049,-1,187.5,True,1.8771929824561404,0.5919051020270073,0.5332747921987256,3.5238534933825796,0.3488578454790752,0.2894758830968924,0.2293239374853595,0.020070601900991303,False,False,False,False,-1.0,0
2026-07-29,2026,W374051,-1,159.5,True,1.9090909090909092,0.6260802207968883,0.5376443232266308,W374050,-1,179.5,True,1.9090909090909092,0.6318928721009933,0.5372543511602225,3.6446280991735542,0.3956156288849698,0.28885175203010044,,,False,True,False,False,-1.0,0
2026-07-30,2026,W374052,-1,185.5,True,1.8771929824561404,0.5896472094727123,0.5587214930070585,W374053,-1,172.5,True,1.8695652173913042,0.6142528745285161,0.5383485771281721,3.5095347063310447,0.3621924933763316,0.3007869207712779,0.2711271258768131,0.05562213765724611,True,False,False,False,-1.0,0
2026-07-31,2026,W374056,-1,176.5,True,1.9523809523809523,0.5893409677563209,0.5103271576221498,W374057,-1,184.5,True,1.9174311926605505,0.5975229651652282,0.536319874541597,3.743556138051551,0.35214476254710203,0.27369859715108114,,,False,False,False,False,-1.0,0
2026-08-01,2026,W374058,-1,182.5,True,1.9174311926605505,0.6187066985476173,0.5117427729644735,W374059,-1,176.5,True,1.9090909090909092,0.6384779937672327,0.5380483898606306,3.6605504587155964,0.3950306116190307,0.27534237501634923,,,True,False,False,False,-1.0,0
2026-08-02,2026,W374060,-1,193.5,True,1.9523809523809523,0.6068933162568302,0.511170227687459,W374062,-1,172.5,True,1.9090909090909092,0.562494594655228,0.5090430400942685,3.7272727272727275,0.3413742099268528,0.2602076467077035,,,False,True,False,False,-1.0,0
2026-08-03,2026,W374066,-1,176.5,True,1.8695652173913042,0.6350009625500815,0.5380859603036263,W374065,-1,183.5,True,1.9433962264150944,0.6107986814258434,0.5113589570491502,3.633305988515176,0.38785775062973116,0.2751550754636528,,,False,True,False,False,-1.0,0
2026-08-05,2026,W374068,-1,179.5,True,1.9090909090909092,0.6748299619521015,0.5752370974303591,W374071,-1,187.5,True,1.9090909090909092,0.5779681439396649,0.509783608534207,3.6446280991735542,0.3900302205843308,0.2932464432907917,,,True,True,False,False,2.6446280991735542,1
2026-08-06,2026,W374073,-1,189.5,True,1.8695652173913042,0.5877996389950919,0.5351575567620327,W374072,-1,193.5,True,1.9090909090909092,0.6500974225535959,0.5359460312277546,3.569169960474308,0.3821270302886434,0.2868155686281533,,,True,True,False,False,2.569169960474308,1
2026-08-07,2026,W374076,-1,173.5,True,1.9090909090909092,0.6345319161922607,0.5125187671607605,W374075,-1,170.5,True,1.9523809523809523,0.6157691258842747,0.5115999226877455,3.7272727272727275,0.3907251633793822,0.2622045616554637,,,True,True,False,False,2.7272727272727275,1
2026-08-08,2026,W374079,-1,194.5,True,1.9090909090909092,0.6458438791174119,0.5382658375060693,W374078,-1,186.5,True,1.9090909090909092,0.6221547017257331,0.5341999773256689,3.6446280991735542,0.4018148059736838,0.2875415981909244,,,True,True,False,False,2.6446280991735542,1
2026-08-09,2026,W374082,-1,169.5,True,1.9090909090909092,0.652066625485131,0.5380370623533106,W374081,-1,184.5,True,1.9090909090909092,0.6123695151747429,0.5336708135965077,3.6446280991735542,0.3993057233099603,0.2871346768111662,,,False,True,False,False,-1.0,0
2026-08-10,2026,W374086,-1,184.5,True,1.8849557522123894,0.663336893471183,0.5526297500690868,W374085,-1,185.5,True,1.9090909090909092,0.6001432300207777,0.5376703595078643,3.598551890587289,0.3980971458397443,0.2971326363943871,,,False,False,False,False,-1.0,0
2026-08-11,2026,W374088,-1,182.5,True,1.847457627118644,0.6471432786529511,0.5849812923521269,W374089,-1,171.5,False,1.5764357950344117,0.6505198217746813,0.5874188472063779,2.9123983331991674,0.42097953029200064,0.34362903639078357,0.22606008233339092,0.0007846328233540589,True,True,False,False,1.9123983331991674,1
2026-08-12,2026,W374091,-1,165.5,True,1.8928571428571428,0.6089251409264299,0.5243318032479125,W374092,-1,184.5,True,1.925925925925926,0.579646730867407,0.5221029069802475,3.6455026455026456,0.3529614672809802,0.2737551586979303,,,True,True,False,False,2.6455026455026456,1
2026-08-13,2026,W374095,-1,170.5,True,1.8771929824561404,0.6010761905036427,0.5295653966893246,W374093,-1,173.5,True,1.9090909090909092,0.6138450345038277,0.5115065364176574,3.583732057416268,0.3689676348991378,0.2708761618671992,,,True,True,False,False,2.583732057416268,1
2026-08-14,2026,W374097,-1,181.5,True,1.9090909090909092,0.5975372326863156,0.5107199393394984,W374096,-1,187.5,True,1.925925925925926,0.6046411454299964,0.5301496303326173,3.6767676767676774,0.36129559680852413,0.27075798704433185,,,True,True,False,False,2.6767676767676774,1
2026-08-15,2026,W374098,-1,177.5,True,1.8928571428571428,0.6215709594827679,0.5307902921653689,W374099,-1,175.5,True,1.9345794392523366,0.5733761300994272,0.5095642157263863,3.6618825100133514,0.3563939513304173,0.27047173894242565,,,True,True,False,False,2.6618825100133514,1
2026-08-16,2026,W374101,-1,180.0,True,1.9090909090909092,0.5878809540516337,0.5102573114247674,W374102,-1,177.0,True,1.9090909090909092,0.5877644941247708,0.5102517412862589,3.6446280991735542,0.3455355515637461,0.26035968165853246,,,True,True,False,False,2.6446280991735542,1
2026-08-18,2026,W374108,-1,181.5,True,1.8695652173913042,0.5979610085989401,0.5167369899597888,W374106,-1,174.5,True,1.9090909090909092,0.5773507047177334,0.5352552672754586,3.569169960474308,0.3452332097083247,0.2765861956720427,,,True,True,False,False,2.569169960474308,1
2026-08-19,2026,W374109,-1,171.5,True,1.9090909090909092,0.5800044962369857,0.5372223890820673,W374110,-1,167.5,True,1.9090909090909092,0.625026626357389,0.5358269043897769,3.6446280991735542,0.36251825355512013,0.2878582097107244,,,False,True,False,False,-1.0,0
2026-08-20,2026,W374112,-1,170.5,True,1.9090909090909092,0.5716985967206897,0.5162193031564556,W374113,-1,182.5,True,1.925925925925926,0.5582532162568742,0.5088388069725674,3.6767676767676774,0.3191525803488667,0.26267241435434097,,,False,False,False,False,-1.0,0
2026-08-21,2026,W374114,-1,164.5,True,1.9090909090909092,0.6051239178473041,0.537148080232804,W374115,-1,167.5,True,1.9090909090909092,0.5950803383281803,0.5355090926419699,3.6446280991735542,0.36009734576304775,0.28764768105984495,,,True,False,False,False,-1.0,0
2026-08-22,2026,W374119,-1,176.5,True,1.9523809523809523,0.6103008005002692,0.5113348683724236,W374118,-1,170.5,True,1.9090909090909092,0.5740486863663538,0.5620986630967856,3.7272727272727275,0.35034237281551367,0.28742064590691013,,,False,True,False,False,-1.0,0
2026-08-23,2026,W374122,-1,187.5,True,1.9090909090909092,0.5704723219133786,0.5094253828884565,W374120,-1,174.5,True,1.9090909090909092,0.5624328222484279,0.53469867195641,3.6446280991735542,0.3208523580283552,0.27238907569134335,,,False,True,False,False,-1.0,0
2026-08-24,2026,W374124,-1,162.5,True,1.8695652173913042,0.5980483357547932,0.5356142643505952,W374125,-1,183.5,True,1.9090909090909092,0.5680882961077115,0.5093112988643743,3.569169960474308,0.33974426004899305,0.272794396666688,,,True,True,False,False,2.569169960474308,1
2026-08-25,2026,W374128,-1,167.5,True,1.8771929824561404,0.6417910754720587,0.5380437881957777,W374126,-1,169.5,True,1.9090909090909092,0.5921290819790574,0.5381140967949111,3.583732057416268,0.3800231603416221,0.28952894712108335,,,False,True,False,False,-1.0,0
2026-08-26,2026,W374129,-1,157.5,True,1.8695652173913042,0.6677063531475533,0.593387200415135,W374130,-1,183.5,False,1.405985097445971,0.6862597849453569,0.6621665160210198,2.628580834355511,0.4582200183176885,0.39292113515035665,0.20446835806790697,0.03282496526943901,True,True,False,False,1.6285808343555108,1
2026-08-27,2026,W374132,-1,167.5,True,1.9090909090909092,0.6420501502249437,0.5386783314277167,W374131,-1,163.5,True,1.9090909090909092,0.6047458974276155,0.5234110981654484,3.6446280991735542,0.38827719429131896,0.2819502170105126,,,True,True,False,False,2.6446280991735542,1
2026-08-28,2026,W374133,-1,180.5,True,1.9090909090909092,0.5578535810865144,0.5088195137940597,W374134,-1,182.5,True,1.9090909090909092,0.5883542000167623,0.5231333831234293,3.6446280991735542,0.32821549742664224,0.26618047365030484,,,False,False,False,False,-1.0,0
2026-08-29,2026,W374137,-1,180.0,True,1.9090909090909092,0.5738453621771575,0.5228285151175774,W374138,-1,178.5,True,1.9090909090909092,0.5809837187866527,0.5361843683915911,3.6446280991735542,0.33339481252615855,0.2803324771554317,,,True,True,False,False,2.6446280991735542,1
2026-08-30,2026,W374140,1,172.5,True,1.8771929824561404,0.5369351860124472,0.5313669403661545,W374142,-1,168.5,True,1.9090909090909092,0.5617898627853588,0.5343604705750772,3.583732057416268,0.3016447444745638,0.2839414883020973,,,False,True,False,False,-1.0,0
2026-09-17,2026,W374145,1,175.5,True,1.847457627118644,0.5277889624413181,0.5220488756283829,W374143,-1,170.5,True,1.9433962264150944,0.5532980356416073,0.5085987993532735,3.590342181004157,0.29202459615210336,0.2655134313483219,,,False,True,False,False,-1.0,0
2026-09-18,2026,W374150,-1,161.5,True,1.9090909090909092,0.5434798163818596,0.5081155155554603,W374149,-1,178.5,True,1.9090909090909092,0.5564301034668883,0.5087507100647747,3.6446280991735542,0.30240853046152355,0.2585041293337695,,,True,True,False,False,2.6446280991735542,1
2026-09-19,2026,W374151,-1,174.5,True,1.8620689655172413,0.5940023688950755,0.5593301185914797,W374152,-1,177.5,True,1.9090909090909092,0.5381925231028836,0.5078477422620093,3.554858934169279,0.3196876336447305,0.2840545379058249,,,True,False,False,False,-1.0,0
2026-09-21,2026,W374160,-1,172.5,True,1.9090909090909092,0.5770484059562803,0.535346207748871,W374159,-1,178.5,True,1.9090909090909092,0.5722807105369155,0.5095118558569243,3.6446280991735542,0.3302336717748546,0.2727652398360938,,,False,False,False,False,-1.0,0
2026-09-22,2026,W374165,-1,179.5,True,1.8849557522123894,0.5306086550758567,0.5244625521841533,W374163,1,178.0,True,1.9090909090909092,0.5107809226660742,0.5065976434248406,3.598551890587289,0.2710247784142508,0.26569149300106953,,,True,True,False,False,2.598551890587289,1
2026-09-23,2026,W374167,-1,171.5,True,1.8849557522123894,0.5375598142227136,0.5322759423752115,W374166,-1,176.5,True,1.9174311926605505,0.5619745104307761,0.5090180426547988,3.614272956076967,0.3020949134250684,0.2709380583400686,,,False,True,False,False,-1.0,0
2026-09-27,2026,W394632,-1,165.5,True,1.8333333333333335,0.5559962115743808,0.5340073944128636,W394629,1,154.5,True,1.9090909090909092,0.5002968768028453,0.4934569974545635,3.5000000000000004,0.27816316816487674,0.2635096854655065,,,False,True,False,False,-1.0,0
2026-09-29,2026,W394627,-1,183.5,True,1.9090909090909092,0.5492939637101437,0.5084032656073854,W394636,-1,173.5,True,1.9090909090909092,0.5747168330795366,0.557523200697297,3.6446280991735542,0.3156884872531997,0.2834466158863875,,,False,True,False,False,-1.0,0
2026-09-30,2026,W394633,-1,164.5,True,1.9090909090909092,0.5497105554686975,0.5218798779067554,W394630,-1,155.5,True,1.9090909090909092,0.5543787096848296,0.5340220394618913,3.6446280991735542,0.3047478284408675,0.27869535675388835,,,False,False,False,False,-1.0,0
2026-10-04,2026,W394792,-1,173.5,True,1.925925925925926,0.532332376458317,0.5075393514683244,W394834,-1,160.5,True,1.9174311926605505,0.5645070401641212,0.509139667092623,3.6928304451240233,0.30050537421801726,0.2584084164429885,,,False,True,False,False,-1.0,0
2026-10-07,2026,W394835,-1,158.5,True,1.9090909090909092,0.5826645597963085,0.5345251699277381,W394793,-1,172.5,True,1.9523809523809523,0.5282237425218242,0.513642667113819,3.7272727272727275,0.30777725441043735,0.2745549339211507,,,False,False,False,False,-1.0,0
